age,sex,cp,trestbps,chol,fbs,restecg,thalach,exang,oldpeak,target
68,1,0,127,253,0,1,148,0,2.7,0
58,1,2,101,157,0,0,157,0,2.0,0
44,0,0,139,262,0,0,204,0,1.5,0
72,1,3,143,238,1,2,172,0,0.2,0
37,0,0,123,222,0,0,205,1,0.1,0
50,1,0,160,166,1,1,167,0,0.1,0
68,1,0,109,271,0,0,156,0,1.4,0
48,0,3,105,219,0,1,149,1,2.9,0
52,0,1,136,187,0,2,190,0,0.6,0
40,1,1,150,130,1,0,162,0,0.1,1
40,1,0,162,244,0,0,183,0,0.8,0
53,1,2,123,334,0,0,150,1,0.5,0
65,1,0,151,329,1,0,146,1,0.5,1
69,0,2,131,223,0,1,138,0,1.1,0
53,0,0,128,215,0,1,157,1,1.4,0
32,1,0,147,269,0,0,179,0,0.1,0
51,0,0,143,196,0,0,160,1,0.0,0
31,1,1,103,261,0,0,201,0,5.7,0
53,1,1,158,284,0,1,150,0,0.3,0
73,1,0,156,307,0,0,150,1,0.1,0
59,0,2,120,240,0,1,179,0,0.2,0
67,1,1,139,235,0,1,145,0,0.0,0
31,1,1,140,202,0,1,178,0,0.5,0
50,1,0,136,204,0,0,166,1,1.8,0
62,1,0,122,234,0,1,175,0,0.5,0
41,0,1,119,264,0,0,181,0,0.6,0
51,1,0,131,291,0,0,161,0,1.2,0
73,1,0,153,205,0,1,154,0,0.8,1
54,0,2,141,320,0,1,149,0,2.2,0
78,0,3,125,232,0,0,152,1,2.2,0
56,0,0,145,244,1,0,170,1,0.0,0
71,0,0,90,208,0,0,144,0,1.7,0
57,0,1,152,130,1,0,150,0,0.7,0
45,1,0,100,290,0,0,161,0,4.9,0
44,0,0,125,282,0,0,184,0,0.7,0
76,0,0,111,231,0,0,162,1,4.8,0
73,1,2,108,249,0,1,137,0,1.5,0
32,0,2,152,271,1,1,194,0,0.3,0
66,1,0,123,167,0,1,122,1,0.9,0
36,0,0,138,219,0,0,175,0,5.3,0
50,0,0,131,285,0,2,169,0,2.1,0
38,1,2,140,183,0,1,168,0,0.1,0
68,1,0,133,260,0,1,137,1,1.3,0
47,1,0,108,178,0,1,162,1,0.5,0
33,1,2,149,269,0,1,191,0,0.0,0
54,1,0,123,244,0,1,163,1,0.6,0
43,0,2,103,165,0,0,143,0,0.3,0
79,0,0,124,304,0,1,109,0,1.9,0
38,1,0,159,209,1,1,172,0,0.5,0
55,1,0,147,205,1,1,171,0,1.9,0
31,1,2,125,256,0,1,147,0,0.0,0
49,1,2,125,303,0,0,163,0,0.4,0
57,0,2,126,195,0,0,155,0,0.3,0
76,1,0,169,249,0,1,164,0,0.3,0
36,0,2,138,267,0,1,178,0,0.1,0
73,1,0,139,280,0,1,152,1,0.2,0
37,1,0,150,254,0,0,185,0,0.9,0
76,1,2,136,227,0,0,112,0,0.4,0
64,1,0,127,204,0,1,167,0,0.6,0
43,1,0,128,250,0,1,180,0,0.5,0
46,0,0,130,192,0,1,181,1,2.3,0
65,1,0,131,130,0,0,205,0,2.6,0
79,1,0,145,267,0,1,109,0,0.7,1
69,1,1,132,291,0,0,176,1,0.4,0
33,0,0,145,130,0,1,182,0,0.1,0
31,1,2,130,195,0,0,193,0,3.4,0
35,0,2,133,276,0,0,184,0,0.1,0
71,0,0,96,348,0,1,142,1,0.4,1
33,1,0,148,247,1,1,178,0,0.4,0
58,0,0,138,209,0,0,166,0,0.4,0
47,0,1,149,236,0,1,150,0,0.2,0
55,1,0,90,314,0,0,176,0,1.7,0
73,1,1,169,213,1,0,140,0,0.1,0
63,1,0,129,206,0,0,140,0,1.1,1
39,1,1,151,221,0,0,174,0,0.1,0
65,1,0,113,198,0,1,173,1,0.1,1
43,0,0,143,252,1,0,168,1,2.6,0
60,0,3,113,327,0,0,165,0,0.2,0
77,1,2,120,262,0,1,132,1,1.9,1
44,1,0,166,233,1,0,187,0,0.9,0
37,1,2,128,231,0,1,193,0,0.1,0
43,1,1,135,167,0,0,204,0,3.4,0
52,0,2,147,290,1,1,165,1,0.3,0
69,1,2,140,242,0,0,161,1,2.2,0
50,0,0,134,236,0,0,171,0,0.2,0
45,1,0,138,405,0,0,194,1,2.1,0
74,1,0,175,260,1,0,135,0,0.0,0
47,1,1,130,208,0,0,184,1,0.8,0
76,0,1,135,224,0,1,141,1,1.6,0
53,0,0,150,303,0,1,166,0,3.0,0
55,0,0,151,251,0,1,166,1,2.6,0
54,1,2,153,174,1,1,169,0,1.9,0
74,1,3,143,291,0,0,144,0,2.4,1
70,0,1,111,212,0,0,153,0,0.2,0
58,0,0,161,339,0,0,185,0,0.4,0
44,1,0,111,300,0,0,190,1,0.4,0
74,0,0,137,223,0,1,159,1,0.5,0
30,1,3,118,310,0,1,183,0,0.5,0
54,1,0,130,249,0,0,152,1,0.9,1
36,0,1,137,288,0,0,198,1,0.2,0
38,0,0,137,270,0,1,195,0,1.3,0
53,1,1,139,203,0,1,189,1,0.2,0
30,0,2,161,213,1,0,180,0,0.4,0
73,0,2,140,297,0,1,143,1,0.8,0
37,1,0,127,229,0,2,158,0,1.8,0
53,1,0,149,225,1,0,161,0,1.5,0
40,1,0,153,198,1,0,194,0,1.1,0
46,1,3,109,267,0,1,167,0,0.2,0
37,0,2,142,349,1,1,192,0,0.9,0
64,0,1,144,192,0,1,153,0,0.1,0
64,1,1,126,247,0,0,160,0,0.5,0
62,1,2,156,316,1,0,140,1,0.6,0
34,1,0,129,242,0,1,187,0,0.0,0
71,1,3,134,268,0,1,104,0,0.4,1
68,0,0,128,192,0,0,149,0,3.4,0
70,1,0,132,267,0,1,125,0,3.4,0
57,0,1,112,236,0,1,181,1,0.5,0
36,1,0,106,295,0,1,195,1,0.0,0
38,0,0,160,305,0,1,189,0,0.2,0
37,0,2,116,375,0,1,205,0,0.5,0
41,0,0,114,274,0,0,164,1,3.2,1
63,1,1,93,262,0,1,183,0,0.2,0
62,1,0,120,255,0,0,171,1,1.6,0
77,1,0,108,228,0,1,139,0,0.1,0
52,1,0,161,262,0,0,185,1,4.4,0
53,0,0,150,231,0,1,150,0,0.5,0
66,0,2,119,254,0,0,141,0,1.6,0
64,1,0,172,311,0,0,146,1,0.5,0
73,0,1,149,195,1,0,139,0,1.1,0
69,1,1,126,302,0,0,135,0,0.2,0
51,0,2,90,311,0,1,187,0,0.2,0
56,1,3,173,240,0,1,160,0,3.1,0
64,0,2,106,139,0,1,161,0,2.7,0
30,1,0,102,215,0,0,181,0,2.4,0
64,1,0,150,310,1,0,128,0,1.1,0
66,1,0,175,244,1,0,158,0,1.8,0
76,0,1,156,196,0,0,115,1,0.1,0
43,1,0,142,220,0,1,175,0,0.4,0
32,1,1,142,288,0,0,167,0,0.4,0
30,1,1,147,273,0,0,205,1,1.1,0
34,1,0,145,234,0,0,199,0,0.5,0
55,1,2,137,227,0,0,166,0,0.2,0
43,1,0,133,226,0,1,195,0,1.0,0
68,1,0,130,199,0,1,139,0,1.9,0
56,1,2,118,326,0,0,172,0,0.5,0
38,1,1,126,229,0,0,184,0,0.2,0
44,0,2,101,306,0,0,179,0,0.2,0
44,0,0,130,322,0,0,195,0,0.3,0
55,1,0,114,295,0,0,175,0,0.4,0
71,1,2,112,224,0,2,153,0,1.1,0
42,1,2,135,266,0,1,153,0,1.0,0
61,1,2,157,244,0,1,144,1,1.3,1
68,0,0,148,200,0,0,150,0,0.5,0
78,0,1,103,262,0,0,143,0,1.9,0
61,1,0,114,187,0,1,142,0,0.3,0
33,0,0,148,305,0,1,205,0,0.7,0
59,1,3,114,222,0,1,183,0,1.8,0
66,0,0,127,256,0,0,163,0,0.2,1
52,1,3,141,260,1,1,169,1,0.1,0
68,1,0,114,233,0,0,148,0,2.4,0
74,1,0,133,275,0,1,131,1,0.5,0
44,1,1,107,222,0,1,177,0,1.3,0
72,0,2,121,289,0,1,151,0,0.0,0
58,1,2,137,178,0,0,143,0,1.3,0
65,1,2,103,252,0,1,160,0,0.4,0
42,0,2,139,342,0,0,175,0,0.1,0
61,1,2,131,195,0,0,130,0,1.0,0
36,1,2,141,212,0,0,171,0,0.3,0
51,1,0,136,271,0,1,162,1,0.5,0
57,1,1,156,254,1,0,191,1,0.1,0
31,1,0,134,263,0,0,197,0,0.2,0
71,1,3,124,270,0,1,128,0,0.4,0
74,1,3,134,277,0,0,153,0,0.1,0
35,1,0,141,301,0,1,161,0,2.7,0
57,0,2,132,266,0,0,179,0,0.0,0
57,0,3,132,233,0,0,155,0,0.7,0
73,0,0,119,279,0,1,145,0,0.1,0
73,1,1,120,340,0,0,166,0,0.4,0
49,1,3,106,239,0,0,151,1,2.9,0
59,0,0,163,197,0,1,140,1,0.2,0
40,1,2,109,301,0,1,171,1,3.7,0
57,0,0,119,239,0,1,178,0,0.3,0
54,1,3,119,137,0,0,143,0,1.5,0
68,1,3,148,288,0,0,109,0,0.9,0
62,1,3,126,219,0,1,151,0,2.4,0
30,1,1,154,241,1,1,198,0,0.9,0
56,1,2,119,262,0,1,182,1,0.8,0
42,0,2,137,255,0,1,171,0,0.2,0
70,0,0,116,281,0,1,143,0,0.2,0
32,1,2,170,224,0,0,205,0,2.7,0
68,1,0,110,271,0,0,123,0,0.4,0
35,1,1,137,233,0,1,179,0,0.5,0
37,1,0,143,282,0,0,185,0,1.6,0
56,1,0,139,276,0,0,170,0,0.5,0
38,1,0,128,199,0,1,174,0,3.3,0
66,1,2,129,300,0,1,154,1,1.5,1
62,1,0,132,219,0,0,120,0,1.0,0
71,0,2,129,286,0,0,139,1,2.3,0
73,1,0,149,264,1,0,153,0,0.1,0
53,0,0,171,337,0,1,152,0,0.3,0
44,1,1,121,234,0,1,176,0,0.7,0
61,1,2,107,228,0,0,165,0,0.3,0
61,0,0,130,245,0,0,153,0,1.5,0
53,1,1,178,230,1,1,169,1,2.8,0
70,1,2,117,285,0,0,135,1,0.6,0
78,0,1,161,165,0,1,138,0,0.5,1
78,0,0,162,193,1,2,151,0,3.6,0
41,1,0,122,192,0,0,181,1,0.6,0
68,1,2,142,293,0,1,143,0,0.7,0
31,1,0,161,331,1,0,192,0,0.5,0
32,1,2,125,240,0,0,198,0,2.6,0
78,1,1,128,237,0,1,111,1,0.9,0
66,1,3,121,249,0,0,171,1,1.6,1
78,1,2,113,304,0,2,136,0,1.8,0
46,1,3,120,199,0,1,180,1,0.5,0
78,1,0,109,257,0,0,159,1,0.6,0
31,0,2,132,294,0,0,168,0,2.1,0
31,0,0,118,271,0,0,178,0,0.5,0
57,1,1,136,255,0,0,158,0,1.7,1
52,1,1,103,296,0,0,156,1,3.1,1
66,1,2,137,130,0,0,180,0,1.1,0
61,0,3,147,279,1,0,146,1,1.5,0
62,0,2,96,213,0,1,149,0,1.8,0
30,0,0,138,154,0,1,193,1,2.1,0
48,0,0,154,271,1,1,153,0,0.6,0
31,1,2,110,314,0,0,183,0,0.1,0
73,0,0,162,239,1,0,151,1,0.6,0
55,1,0,139,293,0,1,160,1,1.2,0
61,1,0,119,326,0,0,157,1,0.7,0
35,0,0,130,311,0,0,177,0,1.5,0
61,1,0,142,327,0,1,136,1,0.5,0
33,1,0,133,283,0,1,191,0,1.1,0
40,0,0,141,249,1,1,205,0,0.2,0
46,1,0,115,165,0,0,174,0,1.5,0
67,1,3,135,233,0,1,156,0,0.9,0
53,1,0,106,203,0,1,177,0,0.3,0
34,0,0,129,354,0,1,166,1,0.4,0
63,1,2,115,237,0,1,182,0,1.5,0
35,1,0,118,252,0,1,188,1,0.7,0
51,0,3,154,273,0,1,193,0,0.3,0
40,1,2,151,248,1,0,169,0,3.8,0
77,1,0,142,330,0,1,170,0,1.4,0
45,1,0,112,214,0,1,186,1,3.5,0
62,0,2,126,255,0,1,166,1,0.6,0
38,1,3,153,208,0,0,185,1,0.7,0
35,0,1,134,179,0,0,181,1,2.5,0
45,0,1,173,215,0,1,193,0,0.8,0
58,0,0,139,244,0,1,164,0,1.4,0
32,0,3,135,224,0,1,158,1,0.3,1
49,0,0,126,211,0,1,154,0,0.7,0
65,0,3,134,175,0,1,152,0,0.1,0
48,1,1,129,241,0,1,176,0,0.3,0
55,0,1,144,170,0,1,164,0,0.0,0
32,0,1,149,284,1,1,205,0,0.0,0
48,1,0,117,250,0,1,142,0,4.2,0
49,1,0,108,173,0,0,173,0,0.3,0
61,1,0,98,230,0,0,131,0,1.2,0
36,0,0,141,208,0,1,195,0,2.0,0
70,0,2,112,261,0,0,148,0,0.9,0
62,0,0,93,313,0,0,164,1,0.2,0
69,0,0,138,152,0,0,138,0,1.4,0
68,0,3,176,251,0,0,171,0,1.0,0
47,0,2,131,237,0,0,188,1,1.4,0
69,0,3,147,279,0,0,159,0,1.6,0
30,0,3,133,256,0,1,188,0,4.1,0
40,1,0,130,208,0,1,188,1,0.9,0
57,0,0,148,230,0,0,152,0,0.5,0
54,0,2,126,206,0,0,178,1,1.1,0
79,1,2,136,299,0,1,165,1,0.1,0
52,1,0,137,247,0,0,184,0,2.5,0
60,0,2,119,341,0,1,149,0,0.1,0
59,1,0,149,242,0,1,166,0,0.4,0
71,1,0,128,210,0,1,129,0,1.9,0
64,0,1,118,170,0,0,164,0,1.0,0
36,1,1,141,155,1,1,190,0,0.6,0
45,1,1,115,166,0,0,146,0,0.7,0
55,0,0,132,259,0,1,147,0,2.1,0
77,0,2,131,271,0,1,138,0,0.5,0
78,1,0,151,166,1,0,137,0,2.2,0
31,1,0,140,290,0,0,170,0,0.1,0
30,0,2,131,221,0,0,195,1,1.6,0
77,0,3,146,253,0,1,146,0,2.1,0
41,0,2,157,326,1,0,176,0,0.2,0
34,1,2,142,290,1,1,174,1,0.6,0
66,1,2,132,232,0,0,169,0,0.2,0
61,0,1,108,201,0,1,183,0,1.3,0
38,1,0,112,138,0,1,174,0,0.8,0
70,1,0,126,210,0,1,140,0,1.1,0
64,0,0,121,235,0,1,163,0,0.2,0
48,0,0,128,196,0,0,166,0,0.3,0
77,1,2,133,239,0,0,140,0,0.0,0
45,1,1,141,249,0,1,186,1,0.4,0
32,1,0,130,234,0,0,159,0,0.9,0
49,1,0,140,213,0,0,190,0,2.1,0
53,0,2,133,254,0,0,168,1,1.2,0
62,1,0,96,268,0,0,151,0,0.6,0
53,1,2,115,191,0,0,165,1,3.4,0
40,0,1,129,316,0,1,179,0,1.4,0
78,0,1,110,241,0,0,116,1,2.9,0
37,0,1,142,246,1,1,205,0,0.8,0
65,0,2,159,281,1,0,155,1,0.3,0
67,0,0,153,257,1,1,159,1,0.1,0
69,0,2,128,293,0,0,165,0,1.4,0
49,0,1,158,260,1,1,155,0,0.1,0
64,0,0,134,215,0,1,163,0,0.4,0
77,1,2,125,264,0,0,138,0,0.8,1
54,1,2,120,188,0,1,178,0,0.9,0
64,1,2,126,251,0,2,124,0,1.0,0
54,1,2,125,244,0,1,164,0,0.2,0
58,1,2,135,235,0,1,152,0,0.5,0
47,0,2,134,239,0,0,179,0,1.1,0
75,1,2,132,151,0,1,152,0,3.9,0
47,1,2,139,218,0,0,162,0,1.4,0
31,1,2,153,250,1,0,178,0,2.8,0
64,1,1,149,253,0,2,154,0,1.6,1
45,0,2,105,194,0,0,161,0,1.0,0
70,0,0,90,309,0,1,162,0,0.2,0
65,0,2,148,202,0,1,149,0,1.2,0
62,1,2,107,294,0,1,114,0,1.1,0
33,1,0,127,267,0,2,181,1,1.0,0
62,0,2,110,213,0,0,142,0,0.7,0
43,1,0,99,334,0,0,152,0,0.8,0
50,1,0,141,186,0,0,151,1,0.4,0
77,0,2,145,291,0,0,144,1,0.8,1
49,0,0,121,296,0,0,190,1,0.2,0
37,0,2,90,212,0,0,187,0,1.8,0
36,0,2,122,315,0,1,174,0,0.2,0
32,0,1,139,233,0,1,194,1,0.1,0
46,0,0,105,260,0,0,167,0,0.6,0
62,0,0,135,259,0,1,147,0,1.2,0
77,0,1,131,239,0,0,125,1,0.6,1
41,1,3,142,286,0,0,152,1,0.4,0
51,0,1,134,285,0,1,163,1,0.9,0
51,1,0,114,158,0,1,171,1,0.5,0
75,1,1,153,311,1,1,143,1,3.0,1
59,1,1,129,162,0,0,154,0,2.8,0
67,0,2,131,297,0,1,138,1,0.8,0
67,0,0,115,302,0,1,162,0,0.4,0
74,1,2,124,191,0,1,126,0,1.5,0
37,1,1,116,225,0,1,194,1,0.0,0
56,1,3,128,190,0,1,148,0,0.7,0
56,0,0,162,235,0,1,152,0,0.5,0
63,0,1,107,230,0,1,134,0,2.8,0
50,1,3,102,284,0,2,162,1,0.0,0
59,1,0,158,311,0,1,175,0,0.9,0
62,1,3,128,315,0,0,165,1,1.5,1
57,1,2,119,217,0,1,177,0,0.7,0
76,0,0,150,235,0,0,151,1,0.1,0
62,1,0,121,161,0,0,141,1,4.0,0
34,0,2,164,205,1,1,181,0,0.8,0
77,0,0,144,294,1,1,131,0,1.0,0
48,1,1,123,326,0,1,191,0,0.3,0
33,1,0,170,184,0,0,169,1,0.7,0
64,0,1,121,216,0,1,169,0,0.6,0
78,0,0,145,244,0,0,155,1,0.1,1
46,1,2,137,260,0,2,201,0,0.1,0
73,0,3,155,205,1,2,140,1,2.0,0
57,1,3,160,267,0,1,173,1,0.3,0
59,0,2,132,222,0,1,195,1,0.2,0
58,1,0,118,245,0,1,152,1,0.8,1
75,1,2,140,273,0,1,121,0,1.6,1
35,0,0,119,246,0,0,156,0,0.1,0
64,0,0,168,224,1,0,166,1,0.9,0
70,0,0,134,240,0,1,121,1,0.1,0
66,0,1,125,241,0,1,148,0,0.0,0
53,1,2,135,227,0,0,173,0,0.1,0
58,0,2,107,233,0,1,164,0,2.0,0
78,1,0,114,325,0,0,148,0,0.1,0
75,0,0,153,274,1,1,148,0,0.1,0
60,1,3,120,231,0,1,179,0,0.6,0
64,1,0,113,280,0,1,141,1,2.0,0
62,1,1,141,229,1,1,147,0,0.3,0
50,1,0,153,304,0,0,158,0,0.6,0
61,1,2,144,264,0,0,171,0,0.0,0
52,0,2,149,240,0,1,181,0,0.7,0
62,1,0,118,268,0,1,164,1,0.9,0
32,1,0,106,167,0,0,205,1,0.9,0
47,1,2,159,189,1,1,155,0,0.4,0
54,0,2,126,186,0,0,191,1,0.4,0
71,1,0,127,253,0,1,171,1,0.1,0
60,1,3,155,332,1,1,171,1,0.5,0
32,0,0,142,357,1,0,205,0,0.1,0
69,0,0,140,277,0,0,126,1,1.6,0
75,1,3,170,271,0,1,137,0,3.7,1
53,1,0,120,155,0,1,155,0,3.9,1
79,1,1,148,218,1,1,151,0,2.2,0
61,0,0,133,206,0,1,143,0,1.0,0
76,1,0,136,214,0,1,155,0,1.3,0
51,0,3,159,237,1,2,189,0,0.4,0
52,0,0,141,222,0,1,178,0,1.1,0
31,0,2,141,147,1,0,193,1,0.7,0
56,1,0,151,283,1,0,149,1,0.7,0
71,1,0,125,192,0,0,136,0,1.6,0
31,1,0,116,257,0,1,205,1,0.4,0
55,0,2,113,349,0,0,176,1,0.4,0
46,1,0,96,200,0,1,173,1,2.8,0
69,0,2,169,130,1,1,144,0,0.1,0
62,1,1,112,231,0,1,127,1,0.7,0
38,1,3,128,301,0,0,165,1,2.7,1
72,0,0,127,343,0,0,176,1,1.0,0
77,1,2,137,184,0,0,123,0,0.9,0
68,0,2,146,270,1,0,154,0,0.3,0
58,1,2,147,222,0,0,177,0,0.5,0
71,1,2,121,240,0,1,130,0,2.1,1
55,0,2,128,378,0,1,167,0,0.9,0
64,1,1,137,170,0,1,170,0,0.8,0
79,0,0,127,258,0,1,141,1,0.1,0
54,1,0,160,269,1,0,205,1,0.0,0
53,1,3,140,300,0,1,141,0,3.6,1
42,1,1,145,250,0,1,193,1,0.5,1
36,0,2,143,261,0,0,181,0,1.0,0
65,1,1,153,226,1,1,166,1,0.1,0
74,1,0,135,259,0,0,152,1,1.3,1
49,0,0,108,228,0,1,160,1,3.0,1
30,0,2,139,277,0,2,193,1,0.9,0
37,1,0,120,227,0,0,155,0,0.1,0
75,1,0,122,264,0,1,154,1,1.0,0
45,1,1,142,244,1,1,179,0,1.6,0
43,1,0,154,302,1,2,186,1,0.6,0
41,1,1,132,243,0,0,194,1,2.3,0
52,0,0,137,157,0,1,173,1,1.2,0
44,0,2,162,309,0,0,178,0,2.5,0
57,0,0,136,200,0,0,149,1,1.1,0
63,1,1,178,213,0,0,146,0,0.2,0
31,0,0,142,216,0,2,205,0,0.4,0
61,1,0,100,314,0,1,180,1,0.2,0
52,1,0,145,139,1,1,164,0,2.6,0
51,1,1,138,402,0,1,169,1,1.6,0
54,0,1,155,298,1,0,152,0,1.2,0
51,1,0,144,257,1,0,186,0,0.4,0
51,0,2,129,243,0,0,178,1,0.2,0
78,1,2,109,260,0,0,171,0,1.6,0
71,0,2,128,272,0,0,135,0,0.7,0
35,0,0,116,278,0,0,179,1,0.3,0
44,1,1,121,273,0,0,179,0,1.1,0
72,0,0,142,250,0,0,157,0,0.0,0
66,0,0,162,236,0,0,150,0,0.4,0
62,1,3,139,238,0,0,144,1,0.7,0
37,1,0,110,236,0,2,196,1,0.2,0
73,1,1,140,302,0,1,157,1,4.6,1
73,1,1,153,275,1,2,133,0,0.3,0
34,1,2,121,130,0,0,205,1,0.2,0
68,0,1,129,278,0,0,169,1,0.3,1
33,0,0,132,255,0,1,189,1,1.6,0
35,0,0,117,245,0,0,186,0,0.6,0
74,1,1,143,226,0,0,154,1,0.9,1
61,1,0,129,302,0,0,146,1,0.0,0
59,1,0,139,293,0,0,161,0,0.0,0
76,1,0,116,207,0,0,111,0,0.6,0
64,1,0,124,266,0,0,169,1,1.9,1
69,0,0,145,197,0,1,127,0,2.4,0
45,1,0,125,177,0,0,197,1,0.1,0
42,1,1,163,214,0,0,173,1,0.9,0
79,1,2,124,289,0,1,137,0,2.7,1
71,0,2,136,293,0,0,139,0,0.5,0
59,1,0,148,271,1,0,156,0,1.9,0
48,1,0,106,282,0,1,193,1,0.2,0
46,1,0,100,271,0,0,136,0,3.0,0
48,1,1,104,213,0,0,191,1,1.5,0
57,1,2,154,267,0,0,168,0,3.1,0
55,1,0,122,286,0,0,146,0,1.2,0
66,0,3,178,283,0,1,137,0,0.5,0
55,1,0,121,305,0,1,190,0,3.1,0
52,1,1,135,281,0,0,153,1,0.4,0
38,1,2,159,263,0,1,164,0,0.4,0
41,1,2,168,299,0,1,196,0,1.3,0
30,1,2,169,244,1,0,195,0,1.6,0
30,1,2,153,201,1,1,175,0,2.9,0
76,1,0,150,237,1,0,147,0,0.3,0
63,0,2,142,208,0,0,141,1,1.8,0
61,1,0,146,212,0,0,175,0,1.5,0
77,1,2,122,238,0,0,158,0,0.1,0
54,0,1,117,206,0,0,173,0,0.5,0
69,1,2,131,230,0,1,156,1,0.4,0
74,1,1,128,151,0,0,172,0,0.4,0
30,1,1,123,256,0,0,189,0,4.5,0
45,1,1,144,246,1,0,157,1,1.1,0
68,0,2,149,205,0,1,158,0,1.4,0
34,0,0,133,278,0,1,205,0,4.1,0
51,0,0,158,292,1,1,153,0,0.5,0
58,1,0,111,165,0,1,156,1,1.8,0
32,0,0,128,207,0,1,194,0,0.6,0
41,0,2,119,207,0,0,178,1,2.2,0
55,0,0,98,199,0,1,150,0,0.2,0
45,1,3,130,287,0,1,191,0,3.2,0
66,1,0,129,236,0,2,188,0,0.3,0
51,0,0,159,232,1,1,171,0,0.4,0
58,0,2,143,145,1,0,148,1,1.6,0
43,1,2,113,277,0,0,153,0,0.6,0
57,1,1,165,184,0,0,166,0,1.0,0
34,0,1,153,248,0,1,202,0,0.6,0
76,1,2,142,259,1,0,151,1,1.5,1
78,0,0,127,314,0,0,141,0,0.3,0
59,0,3,114,180,0,1,152,1,0.1,0
75,1,3,125,130,0,0,128,0,0.4,1
34,1,2,151,255,1,1,198,0,0.7,0
41,1,0,165,336,1,0,192,0,0.2,0
45,0,2,159,307,1,0,151,0,0.5,0
55,1,0,123,256,0,0,188,0,0.6,0
55,1,0,111,221,0,1,173,0,0.1,0
